[{"model": "auth.permission", "pk": 1, "fields": {"name": "Can add log entry", "content_type": 1, "codename": "add_logentry"}}, {"model": "auth.permission", "pk": 2, "fields": {"name": "Can change log entry", "content_type": 1, "codename": "change_logentry"}}, {"model": "auth.permission", "pk": 3, "fields": {"name": "Can delete log entry", "content_type": 1, "codename": "delete_logentry"}}, {"model": "auth.permission", "pk": 4, "fields": {"name": "Can view log entry", "content_type": 1, "codename": "view_logentry"}}, {"model": "auth.permission", "pk": 5, "fields": {"name": "Can add permission", "content_type": 2, "codename": "add_permission"}}, {"model": "auth.permission", "pk": 6, "fields": {"name": "Can change permission", "content_type": 2, "codename": "change_permission"}}, {"model": "auth.permission", "pk": 7, "fields": {"name": "Can delete permission", "content_type": 2, "codename": "delete_permission"}}, {"model": "auth.permission", "pk": 8, "fields": {"name": "Can view permission", "content_type": 2, "codename": "view_permission"}}, {"model": "auth.permission", "pk": 9, "fields": {"name": "Can add group", "content_type": 3, "codename": "add_group"}}, {"model": "auth.permission", "pk": 10, "fields": {"name": "Can change group", "content_type": 3, "codename": "change_group"}}, {"model": "auth.permission", "pk": 11, "fields": {"name": "Can delete group", "content_type": 3, "codename": "delete_group"}}, {"model": "auth.permission", "pk": 12, "fields": {"name": "Can view group", "content_type": 3, "codename": "view_group"}}, {"model": "auth.permission", "pk": 13, "fields": {"name": "Can add user", "content_type": 4, "codename": "add_user"}}, {"model": "auth.permission", "pk": 14, "fields": {"name": "Can change user", "content_type": 4, "codename": "change_user"}}, {"model": "auth.permission", "pk": 15, "fields": {"name": "Can delete user", "content_type": 4, "codename": "delete_user"}}, {"model": "auth.permission", "pk": 16, "fields": {"name": "Can view user", "content_type": 4, "codename": "view_user"}}, {"model": "auth.permission", "pk": 17, "fields": {"name": "Can add content type", "content_type": 5, "codename": "add_contenttype"}}, {"model": "auth.permission", "pk": 18, "fields": {"name": "Can change content type", "content_type": 5, "codename": "change_contenttype"}}, {"model": "auth.permission", "pk": 19, "fields": {"name": "Can delete content type", "content_type": 5, "codename": "delete_contenttype"}}, {"model": "auth.permission", "pk": 20, "fields": {"name": "Can view content type", "content_type": 5, "codename": "view_contenttype"}}, {"model": "auth.permission", "pk": 21, "fields": {"name": "Can add session", "content_type": 6, "codename": "add_session"}}, {"model": "auth.permission", "pk": 22, "fields": {"name": "Can change session", "content_type": 6, "codename": "change_session"}}, {"model": "auth.permission", "pk": 23, "fields": {"name": "Can delete session", "content_type": 6, "codename": "delete_session"}}, {"model": "auth.permission", "pk": 24, "fields": {"name": "Can view session", "content_type": 6, "codename": "view_session"}}, {"model": "auth.permission", "pk": 25, "fields": {"name": "Can add django job", "content_type": 7, "codename": "add_djangojob"}}, {"model": "auth.permission", "pk": 26, "fields": {"name": "Can change django job", "content_type": 7, "codename": "change_djangojob"}}, {"model": "auth.permission", "pk": 27, "fields": {"name": "Can delete django job", "content_type": 7, "codename": "delete_djangojob"}}, {"model": "auth.permission", "pk": 28, "fields": {"name": "Can view django job", "content_type": 7, "codename": "view_djangojob"}}, {"model": "auth.permission", "pk": 29, "fields": {"name": "Can add django job execution", "content_type": 8, "codename": "add_djangojobexecution"}}, {"model": "auth.permission", "pk": 30, "fields": {"name": "Can change django job execution", "content_type": 8, "codename": "change_djangojobexecution"}}, {"model": "auth.permission", "pk": 31, "fields": {"name": "Can delete django job execution", "content_type": 8, "codename": "delete_djangojobexecution"}}, {"model": "auth.permission", "pk": 32, "fields": {"name": "Can view django job execution", "content_type": 8, "codename": "view_djangojobexecution"}}, {"model": "auth.permission", "pk": 33, "fields": {"name": "Can add collection", "content_type": 9, "codename": "add_collection"}}, {"model": "auth.permission", "pk": 34, "fields": {"name": "Can change collection", "content_type": 9, "codename": "change_collection"}}, {"model": "auth.permission", "pk": 35, "fields": {"name": "Can delete collection", "content_type": 9, "codename": "delete_collection"}}, {"model": "auth.permission", "pk": 36, "fields": {"name": "Can view collection", "content_type": 9, "codename": "view_collection"}}, {"model": "auth.permission", "pk": 37, "fields": {"name": "Can add company", "content_type": 10, "codename": "add_company"}}, {"model": "auth.permission", "pk": 38, "fields": {"name": "Can change company", "content_type": 10, "codename": "change_company"}}, {"model": "auth.permission", "pk": 39, "fields": {"name": "Can delete company", "content_type": 10, "codename": "delete_company"}}, {"model": "auth.permission", "pk": 40, "fields": {"name": "Can view company", "content_type": 10, "codename": "view_company"}}, {"model": "auth.permission", "pk": 41, "fields": {"name": "Can add country", "content_type": 11, "codename": "add_country"}}, {"model": "auth.permission", "pk": 42, "fields": {"name": "Can change country", "content_type": 11, "codename": "change_country"}}, {"model": "auth.permission", "pk": 43, "fields": {"name": "Can delete country", "content_type": 11, "codename": "delete_country"}}, {"model": "auth.permission", "pk": 44, "fields": {"name": "Can view country", "content_type": 11, "codename": "view_country"}}, {"model": "auth.permission", "pk": 45, "fields": {"name": "Can add film", "content_type": 12, "codename": "add_film"}}, {"model": "auth.permission", "pk": 46, "fields": {"name": "Can change film", "content_type": 12, "codename": "change_film"}}, {"model": "auth.permission", "pk": 47, "fields": {"name": "Can delete film", "content_type": 12, "codename": "delete_film"}}, {"model": "auth.permission", "pk": 48, "fields": {"name": "Can view film", "content_type": 12, "codename": "view_film"}}, {"model": "auth.permission", "pk": 49, "fields": {"name": "Can add genre", "content_type": 13, "codename": "add_genre"}}, {"model": "auth.permission", "pk": 50, "fields": {"name": "Can change genre", "content_type": 13, "codename": "change_genre"}}, {"model": "auth.permission", "pk": 51, "fields": {"name": "Can delete genre", "content_type": 13, "codename": "delete_genre"}}, {"model": "auth.permission", "pk": 52, "fields": {"name": "Can view genre", "content_type": 13, "codename": "view_genre"}}, {"model": "auth.permission", "pk": 53, "fields": {"name": "Can add keyword", "content_type": 14, "codename": "add_keyword"}}, {"model": "auth.permission", "pk": 54, "fields": {"name": "Can change keyword", "content_type": 14, "codename": "change_keyword"}}, {"model": "auth.permission", "pk": 55, "fields": {"name": "Can delete keyword", "content_type": 14, "codename": "delete_keyword"}}, {"model": "auth.permission", "pk": 56, "fields": {"name": "Can view keyword", "content_type": 14, "codename": "view_keyword"}}, {"model": "auth.permission", "pk": 57, "fields": {"name": "Can add language", "content_type": 15, "codename": "add_language"}}, {"model": "auth.permission", "pk": 58, "fields": {"name": "Can change language", "content_type": 15, "codename": "change_language"}}, {"model": "auth.permission", "pk": 59, "fields": {"name": "Can delete language", "content_type": 15, "codename": "delete_language"}}, {"model": "auth.permission", "pk": 60, "fields": {"name": "Can view language", "content_type": 15, "codename": "view_language"}}, {"model": "auth.permission", "pk": 61, "fields": {"name": "Can add person", "content_type": 16, "codename": "add_person"}}, {"model": "auth.permission", "pk": 62, "fields": {"name": "Can change person", "content_type": 16, "codename": "change_person"}}, {"model": "auth.permission", "pk": 63, "fields": {"name": "Can delete person", "content_type": 16, "codename": "delete_person"}}, {"model": "auth.permission", "pk": 64, "fields": {"name": "Can view person", "content_type": 16, "codename": "view_person"}}, {"model": "auth.permission", "pk": 65, "fields": {"name": "Can add l t_ films_ companies", "content_type": 17, "codename": "add_lt_films_companies"}}, {"model": "auth.permission", "pk": 66, "fields": {"name": "Can change l t_ films_ companies", "content_type": 17, "codename": "change_lt_films_companies"}}, {"model": "auth.permission", "pk": 67, "fields": {"name": "Can delete l t_ films_ companies", "content_type": 17, "codename": "delete_lt_films_companies"}}, {"model": "auth.permission", "pk": 68, "fields": {"name": "Can view l t_ films_ companies", "content_type": 17, "codename": "view_lt_films_companies"}}, {"model": "auth.permission", "pk": 69, "fields": {"name": "Can add l t_ films_ countries", "content_type": 18, "codename": "add_lt_films_countries"}}, {"model": "auth.permission", "pk": 70, "fields": {"name": "Can change l t_ films_ countries", "content_type": 18, "codename": "change_lt_films_countries"}}, {"model": "auth.permission", "pk": 71, "fields": {"name": "Can delete l t_ films_ countries", "content_type": 18, "codename": "delete_lt_films_countries"}}, {"model": "auth.permission", "pk": 72, "fields": {"name": "Can view l t_ films_ countries", "content_type": 18, "codename": "view_lt_films_countries"}}, {"model": "auth.permission", "pk": 73, "fields": {"name": "Can add l t_ films_ languages", "content_type": 19, "codename": "add_lt_films_languages"}}, {"model": "auth.permission", "pk": 74, "fields": {"name": "Can change l t_ films_ languages", "content_type": 19, "codename": "change_lt_films_languages"}}, {"model": "auth.permission", "pk": 75, "fields": {"name": "Can delete l t_ films_ languages", "content_type": 19, "codename": "delete_lt_films_languages"}}, {"model": "auth.permission", "pk": 76, "fields": {"name": "Can view l t_ films_ languages", "content_type": 19, "codename": "view_lt_films_languages"}}, {"model": "auth.permission", "pk": 77, "fields": {"name": "Can add l t_ films_ crew", "content_type": 20, "codename": "add_lt_films_crew"}}, {"model": "auth.permission", "pk": 78, "fields": {"name": "Can change l t_ films_ crew", "content_type": 20, "codename": "change_lt_films_crew"}}, {"model": "auth.permission", "pk": 79, "fields": {"name": "Can delete l t_ films_ crew", "content_type": 20, "codename": "delete_lt_films_crew"}}, {"model": "auth.permission", "pk": 80, "fields": {"name": "Can view l t_ films_ crew", "content_type": 20, "codename": "view_lt_films_crew"}}, {"model": "auth.permission", "pk": 81, "fields": {"name": "Can add l t_ films_ cast", "content_type": 21, "codename": "add_lt_films_cast"}}, {"model": "auth.permission", "pk": 82, "fields": {"name": "Can change l t_ films_ cast", "content_type": 21, "codename": "change_lt_films_cast"}}, {"model": "auth.permission", "pk": 83, "fields": {"name": "Can delete l t_ films_ cast", "content_type": 21, "codename": "delete_lt_films_cast"}}, {"model": "auth.permission", "pk": 84, "fields": {"name": "Can view l t_ films_ cast", "content_type": 21, "codename": "view_lt_films_cast"}}, {"model": "auth.permission", "pk": 85, "fields": {"name": "Can add viewer", "content_type": 22, "codename": "add_viewer"}}, {"model": "auth.permission", "pk": 86, "fields": {"name": "Can change viewer", "content_type": 22, "codename": "change_viewer"}}, {"model": "auth.permission", "pk": 87, "fields": {"name": "Can delete viewer", "content_type": 22, "codename": "delete_viewer"}}, {"model": "auth.permission", "pk": 88, "fields": {"name": "Can view viewer", "content_type": 22, "codename": "view_viewer"}}, {"model": "auth.permission", "pk": 89, "fields": {"name": "Can add friend request", "content_type": 23, "codename": "add_friendrequest"}}, {"model": "auth.permission", "pk": 90, "fields": {"name": "Can change friend request", "content_type": 23, "codename": "change_friendrequest"}}, {"model": "auth.permission", "pk": 91, "fields": {"name": "Can delete friend request", "content_type": 23, "codename": "delete_friendrequest"}}, {"model": "auth.permission", "pk": 92, "fields": {"name": "Can view friend request", "content_type": 23, "codename": "view_friendrequest"}}, {"model": "auth.permission", "pk": 93, "fields": {"name": "Can add l t_ films_ genres", "content_type": 24, "codename": "add_lt_films_genres"}}, {"model": "auth.permission", "pk": 94, "fields": {"name": "Can change l t_ films_ genres", "content_type": 24, "codename": "change_lt_films_genres"}}, {"model": "auth.permission", "pk": 95, "fields": {"name": "Can delete l t_ films_ genres", "content_type": 24, "codename": "delete_lt_films_genres"}}, {"model": "auth.permission", "pk": 96, "fields": {"name": "Can view l t_ films_ genres", "content_type": 24, "codename": "view_lt_films_genres"}}, {"model": "auth.permission", "pk": 97, "fields": {"name": "Can add l t_ films_ keywords", "content_type": 25, "codename": "add_lt_films_keywords"}}, {"model": "auth.permission", "pk": 98, "fields": {"name": "Can change l t_ films_ keywords", "content_type": 25, "codename": "change_lt_films_keywords"}}, {"model": "auth.permission", "pk": 99, "fields": {"name": "Can delete l t_ films_ keywords", "content_type": 25, "codename": "delete_lt_films_keywords"}}, {"model": "auth.permission", "pk": 100, "fields": {"name": "Can view l t_ films_ keywords", "content_type": 25, "codename": "view_lt_films_keywords"}}, {"model": "auth.permission", "pk": 101, "fields": {"name": "Can add l t_ viewer_ watchlist", "content_type": 26, "codename": "add_lt_viewer_watchlist"}}, {"model": "auth.permission", "pk": 102, "fields": {"name": "Can change l t_ viewer_ watchlist", "content_type": 26, "codename": "change_lt_viewer_watchlist"}}, {"model": "auth.permission", "pk": 103, "fields": {"name": "Can delete l t_ viewer_ watchlist", "content_type": 26, "codename": "delete_lt_viewer_watchlist"}}, {"model": "auth.permission", "pk": 104, "fields": {"name": "Can view l t_ viewer_ watchlist", "content_type": 26, "codename": "view_lt_viewer_watchlist"}}, {"model": "auth.permission", "pk": 105, "fields": {"name": "Can add l t_ viewer_ seen", "content_type": 27, "codename": "add_lt_viewer_seen"}}, {"model": "auth.permission", "pk": 106, "fields": {"name": "Can change l t_ viewer_ seen", "content_type": 27, "codename": "change_lt_viewer_seen"}}, {"model": "auth.permission", "pk": 107, "fields": {"name": "Can delete l t_ viewer_ seen", "content_type": 27, "codename": "delete_lt_viewer_seen"}}, {"model": "auth.permission", "pk": 108, "fields": {"name": "Can view l t_ viewer_ seen", "content_type": 27, "codename": "view_lt_viewer_seen"}}, {"model": "auth.permission", "pk": 109, "fields": {"name": "Can add l t_ viewer_ ratings", "content_type": 28, "codename": "add_lt_viewer_ratings"}}, {"model": "auth.permission", "pk": 110, "fields": {"name": "Can change l t_ viewer_ ratings", "content_type": 28, "codename": "change_lt_viewer_ratings"}}, {"model": "auth.permission", "pk": 111, "fields": {"name": "Can delete l t_ viewer_ ratings", "content_type": 28, "codename": "delete_lt_viewer_ratings"}}, {"model": "auth.permission", "pk": 112, "fields": {"name": "Can view l t_ viewer_ ratings", "content_type": 28, "codename": "view_lt_viewer_ratings"}}, {"model": "auth.permission", "pk": 113, "fields": {"name": "Can add feed entry", "content_type": 29, "codename": "add_feedentry"}}, {"model": "auth.permission", "pk": 114, "fields": {"name": "Can change feed entry", "content_type": 29, "codename": "change_feedentry"}}, {"model": "auth.permission", "pk": 115, "fields": {"name": "Can delete feed entry", "content_type": 29, "codename": "delete_feedentry"}}, {"model": "auth.permission", "pk": 116, "fields": {"name": "Can view feed entry", "content_type": 29, "codename": "view_feedentry"}}, {"model": "auth.permission", "pk": 117, "fields": {"name": "Can add comment", "content_type": 30, "codename": "add_comment"}}, {"model": "auth.permission", "pk": 118, "fields": {"name": "Can change comment", "content_type": 30, "codename": "change_comment"}}, {"model": "auth.permission", "pk": 119, "fields": {"name": "Can delete comment", "content_type": 30, "codename": "delete_comment"}}, {"model": "auth.permission", "pk": 120, "fields": {"name": "Can view comment", "content_type": 30, "codename": "view_comment"}}, {"model": "auth.permission", "pk": 121, "fields": {"name": "Can add like", "content_type": 31, "codename": "add_like"}}, {"model": "auth.permission", "pk": 122, "fields": {"name": "Can change like", "content_type": 31, "codename": "change_like"}}, {"model": "auth.permission", "pk": 123, "fields": {"name": "Can delete like", "content_type": 31, "codename": "delete_like"}}, {"model": "auth.permission", "pk": 124, "fields": {"name": "Can view like", "content_type": 31, "codename": "view_like"}}, {"model": "auth.permission", "pk": 125, "fields": {"name": "Can add l t_ viewer_ cosine_ similarity", "content_type": 32, "codename": "add_lt_viewer_cosine_similarity"}}, {"model": "auth.permission", "pk": 126, "fields": {"name": "Can change l t_ viewer_ cosine_ similarity", "content_type": 32, "codename": "change_lt_viewer_cosine_similarity"}}, {"model": "auth.permission", "pk": 127, "fields": {"name": "Can delete l t_ viewer_ cosine_ similarity", "content_type": 32, "codename": "delete_lt_viewer_cosine_similarity"}}, {"model": "auth.permission", "pk": 128, "fields": {"name": "Can view l t_ viewer_ cosine_ similarity", "content_type": 32, "codename": "view_lt_viewer_cosine_similarity"}}, {"model": "auth.permission", "pk": 129, "fields": {"name": "Can add notification", "content_type": 33, "codename": "add_notification"}}, {"model": "auth.permission", "pk": 130, "fields": {"name": "Can change notification", "content_type": 33, "codename": "change_notification"}}, {"model": "auth.permission", "pk": 131, "fields": {"name": "Can delete notification", "content_type": 33, "codename": "delete_notification"}}, {"model": "auth.permission", "pk": 132, "fields": {"name": "Can view notification", "content_type": 33, "codename": "view_notification"}}, {"model": "auth.user", "pk": 1, "fields": {"password": "pbkdf2_sha256$870000$aIKea5gm0obsK9ElqiIUxx$4YBvgs1lasBbjnMqOsDPN5LuL/zhFERoKFWN9GGX/dk=", "last_login": null, "is_superuser": true, "username": "travis", "first_name": "", "last_name": "", "email": "tditmans@uccs.edu", "is_staff": true, "is_active": true, "date_joined": "2024-11-12T20:15:01.976Z", "groups": [], "user_permissions": []}}, {"model": "contenttypes.contenttype", "pk": 1, "fields": {"app_label": "admin", "model": "logentry"}}, {"model": "contenttypes.contenttype", "pk": 2, "fields": {"app_label": "auth", "model": "permission"}}, {"model": "contenttypes.contenttype", "pk": 3, "fields": {"app_label": "auth", "model": "group"}}, {"model": "contenttypes.contenttype", "pk": 4, "fields": {"app_label": "auth", "model": "user"}}, {"model": "contenttypes.contenttype", "pk": 5, "fields": {"app_label": "contenttypes", "model": "contenttype"}}, {"model": "contenttypes.contenttype", "pk": 6, "fields": {"app_label": "sessions", "model": "session"}}, {"model": "contenttypes.contenttype", "pk": 7, "fields": {"app_label": "django_apscheduler", "model": "djangojob"}}, {"model": "contenttypes.contenttype", "pk": 8, "fields": {"app_label": "django_apscheduler", "model": "djangojobexecution"}}, {"model": "contenttypes.contenttype", "pk": 9, "fields": {"app_label": "filmproject", "model": "collection"}}, {"model": "contenttypes.contenttype", "pk": 10, "fields": {"app_label": "filmproject", "model": "company"}}, {"model": "contenttypes.contenttype", "pk": 11, "fields": {"app_label": "filmproject", "model": "country"}}, {"model": "contenttypes.contenttype", "pk": 12, "fields": {"app_label": "filmproject", "model": "film"}}, {"model": "contenttypes.contenttype", "pk": 13, "fields": {"app_label": "filmproject", "model": "genre"}}, {"model": "contenttypes.contenttype", "pk": 14, "fields": {"app_label": "filmproject", "model": "keyword"}}, {"model": "contenttypes.contenttype", "pk": 15, "fields": {"app_label": "filmproject", "model": "language"}}, {"model": "contenttypes.contenttype", "pk": 16, "fields": {"app_label": "filmproject", "model": "person"}}, {"model": "contenttypes.contenttype", "pk": 17, "fields": {"app_label": "filmproject", "model": "lt_films_companies"}}, {"model": "contenttypes.contenttype", "pk": 18, "fields": {"app_label": "filmproject", "model": "lt_films_countries"}}, {"model": "contenttypes.contenttype", "pk": 19, "fields": {"app_label": "filmproject", "model": "lt_films_languages"}}, {"model": "contenttypes.contenttype", "pk": 20, "fields": {"app_label": "filmproject", "model": "lt_films_crew"}}, {"model": "contenttypes.contenttype", "pk": 21, "fields": {"app_label": "filmproject", "model": "lt_films_cast"}}, {"model": "contenttypes.contenttype", "pk": 22, "fields": {"app_label": "filmproject", "model": "viewer"}}, {"model": "contenttypes.contenttype", "pk": 23, "fields": {"app_label": "filmproject", "model": "friendrequest"}}, {"model": "contenttypes.contenttype", "pk": 24, "fields": {"app_label": "filmproject", "model": "lt_films_genres"}}, {"model": "contenttypes.contenttype", "pk": 25, "fields": {"app_label": "filmproject", "model": "lt_films_keywords"}}, {"model": "contenttypes.contenttype", "pk": 26, "fields": {"app_label": "filmproject", "model": "lt_viewer_watchlist"}}, {"model": "contenttypes.contenttype", "pk": 27, "fields": {"app_label": "filmproject", "model": "lt_viewer_seen"}}, {"model": "contenttypes.contenttype", "pk": 28, "fields": {"app_label": "filmproject", "model": "lt_viewer_ratings"}}, {"model": "contenttypes.contenttype", "pk": 29, "fields": {"app_label": "filmproject", "model": "feedentry"}}, {"model": "contenttypes.contenttype", "pk": 30, "fields": {"app_label": "filmproject", "model": "comment"}}, {"model": "contenttypes.contenttype", "pk": 31, "fields": {"app_label": "filmproject", "model": "like"}}, {"model": "contenttypes.contenttype", "pk": 32, "fields": {"app_label": "filmproject", "model": "lt_viewer_cosine_similarity"}}, {"model": "contenttypes.contenttype", "pk": 33, "fields": {"app_label": "filmproject", "model": "notification"}}, {"model": "django_apscheduler.djangojob", "pk": "calculate_cosine_similarity", "fields": {"next_run_time": "2024-11-13T00:00:00Z", "job_state": "gAWVHQQAAAAAAAB9lCiMB3ZlcnNpb26USwGMAmlklIwbY2FsY3VsYXRlX2Nvc2luZV9zaW1pbGFyaXR5lIwEZnVuY5SMMWZpbG1wcm9qZWN0LmNyb25fam9iczpjYWxjdWxhdGVfY29zaW5lX3NpbWlsYXJpdHmUjAd0cmlnZ2VylIwZYXBzY2hlZHVsZXIudHJpZ2dlcnMuY3JvbpSMC0Nyb25UcmlnZ2VylJOUKYGUfZQoaAFLAowIdGltZXpvbmWUjAhidWlsdGluc5SMB2dldGF0dHKUk5SMCHpvbmVpbmZvlIwIWm9uZUluZm+Uk5SMCV91bnBpY2tsZZSGlFKUjANVVEOUSwGGlFKUjApzdGFydF9kYXRllE6MCGVuZF9kYXRllE6MBmZpZWxkc5RdlCiMIGFwc2NoZWR1bGVyLnRyaWdnZXJzLmNyb24uZmllbGRzlIwJQmFzZUZpZWxklJOUKYGUfZQojARuYW1llIwEeWVhcpSMCmlzX2RlZmF1bHSUiIwLZXhwcmVzc2lvbnOUXZSMJWFwc2NoZWR1bGVyLnRyaWdnZXJzLmNyb24uZXhwcmVzc2lvbnOUjA1BbGxFeHByZXNzaW9ulJOUKYGUfZSMBHN0ZXCUTnNiYXViaB2MCk1vbnRoRmllbGSUk5QpgZR9lChoIowFbW9udGiUaCSIaCVdlGgpKYGUfZRoLE5zYmF1YmgdjA9EYXlPZk1vbnRoRmllbGSUk5QpgZR9lChoIowDZGF5lGgkiWglXZRoKSmBlH2UaCxOc2JhdWJoHYwJV2Vla0ZpZWxklJOUKYGUfZQoaCKMBHdlZWuUaCSIaCVdlGgpKYGUfZRoLE5zYmF1YmgdjA5EYXlPZldlZWtGaWVsZJSTlCmBlH2UKGgijAtkYXlfb2Zfd2Vla5RoJIhoJV2UaCkpgZR9lGgsTnNiYXViaB8pgZR9lChoIowEaG91cpRoJIhoJV2UaCeMD1JhbmdlRXhwcmVzc2lvbpSTlCmBlH2UKGgsTowFZmlyc3SUSwCMBGxhc3SUSwB1YmF1YmgfKYGUfZQoaCKMBm1pbnV0ZZRoJIhoJV2UaFIpgZR9lChoLE5oVUsAaFZLAHViYXViaB8pgZR9lChoIowGc2Vjb25klGgkiGglXZRoUimBlH2UKGgsTmhVSwBoVksAdWJhdWJljAZqaXR0ZXKUTnVijAhleGVjdXRvcpSMB2RlZmF1bHSUjARhcmdzlCmMBmt3YXJnc5R9lGgiaAOMEm1pc2ZpcmVfZ3JhY2VfdGltZZRLAYwIY29hbGVzY2WUiIwNbWF4X2luc3RhbmNlc5RLAYwNbmV4dF9ydW5fdGltZZSMCGRhdGV0aW1llIwIZGF0ZXRpbWWUk5RDCgfoCw0AAAAAAACUaBiGlFKUdS4="}}, {"model": "django_apscheduler.djangojob", "pk": "database_cleanup", "fields": {"next_run_time": "2024-11-17T00:00:00Z", "job_state": "gAWVKwQAAAAAAAB9lCiMB3ZlcnNpb26USwGMAmlklIwQZGF0YWJhc2VfY2xlYW51cJSMBGZ1bmOUjCZmaWxtcHJvamVjdC5jcm9uX2pvYnM6ZGF0YWJhc2VfY2xlYW51cJSMB3RyaWdnZXKUjBlhcHNjaGVkdWxlci50cmlnZ2Vycy5jcm9ulIwLQ3JvblRyaWdnZXKUk5QpgZR9lChoAUsCjAh0aW1lem9uZZSMCGJ1aWx0aW5zlIwHZ2V0YXR0cpSTlIwIem9uZWluZm+UjAhab25lSW5mb5STlIwJX3VucGlja2xllIaUUpSMA1VUQ5RLAYaUUpSMCnN0YXJ0X2RhdGWUTowIZW5kX2RhdGWUTowGZmllbGRzlF2UKIwgYXBzY2hlZHVsZXIudHJpZ2dlcnMuY3Jvbi5maWVsZHOUjAlCYXNlRmllbGSUk5QpgZR9lCiMBG5hbWWUjAR5ZWFylIwKaXNfZGVmYXVsdJSIjAtleHByZXNzaW9uc5RdlIwlYXBzY2hlZHVsZXIudHJpZ2dlcnMuY3Jvbi5leHByZXNzaW9uc5SMDUFsbEV4cHJlc3Npb26Uk5QpgZR9lIwEc3RlcJROc2JhdWJoHYwKTW9udGhGaWVsZJSTlCmBlH2UKGgijAVtb250aJRoJIhoJV2UaCkpgZR9lGgsTnNiYXViaB2MD0RheU9mTW9udGhGaWVsZJSTlCmBlH2UKGgijANkYXmUaCSIaCVdlGgpKYGUfZRoLE5zYmF1YmgdjAlXZWVrRmllbGSUk5QpgZR9lChoIowEd2Vla5RoJIhoJV2UaCkpgZR9lGgsTnNiYXViaB2MDkRheU9mV2Vla0ZpZWxklJOUKYGUfZQoaCKMC2RheV9vZl93ZWVrlGgkiWglXZRoJ4wWV2Vla2RheVJhbmdlRXhwcmVzc2lvbpSTlCmBlH2UKGgsTowFZmlyc3SUSwaMBGxhc3SUSwZ1YmF1YmgfKYGUfZQoaCKMBGhvdXKUaCSIaCVdlGgnjA9SYW5nZUV4cHJlc3Npb26Uk5QpgZR9lChoLE5oT0sAaFBLAHViYXViaB8pgZR9lChoIowGbWludXRllGgkiGglXZRoVimBlH2UKGgsTmhPSwBoUEsAdWJhdWJoHymBlH2UKGgijAZzZWNvbmSUaCSIaCVdlGhWKYGUfZQoaCxOaE9LAGhQSwB1YmF1YmWMBmppdHRlcpROdWKMCGV4ZWN1dG9ylIwHZGVmYXVsdJSMBGFyZ3OUKYwGa3dhcmdzlH2UaCJoA4wSbWlzZmlyZV9ncmFjZV90aW1llEsBjAhjb2FsZXNjZZSIjA1tYXhfaW5zdGFuY2VzlEsBjA1uZXh0X3J1bl90aW1llIwIZGF0ZXRpbWWUjAhkYXRldGltZZSTlEMKB+gLEQAAAAAAAJRoGIaUUpR1Lg=="}}, {"model": "django_apscheduler.djangojob", "pk": "update_film_ratings", "fields": {"next_run_time": "2024-11-13T00:00:00Z", "job_state": "gAWVDQQAAAAAAAB9lCiMB3ZlcnNpb26USwGMAmlklIwTdXBkYXRlX2ZpbG1fcmF0aW5nc5SMBGZ1bmOUjClmaWxtcHJvamVjdC5jcm9uX2pvYnM6dXBkYXRlX2ZpbG1fcmF0aW5nc5SMB3RyaWdnZXKUjBlhcHNjaGVkdWxlci50cmlnZ2Vycy5jcm9ulIwLQ3JvblRyaWdnZXKUk5QpgZR9lChoAUsCjAh0aW1lem9uZZSMCGJ1aWx0aW5zlIwHZ2V0YXR0cpSTlIwIem9uZWluZm+UjAhab25lSW5mb5STlIwJX3VucGlja2xllIaUUpSMA1VUQ5RLAYaUUpSMCnN0YXJ0X2RhdGWUTowIZW5kX2RhdGWUTowGZmllbGRzlF2UKIwgYXBzY2hlZHVsZXIudHJpZ2dlcnMuY3Jvbi5maWVsZHOUjAlCYXNlRmllbGSUk5QpgZR9lCiMBG5hbWWUjAR5ZWFylIwKaXNfZGVmYXVsdJSIjAtleHByZXNzaW9uc5RdlIwlYXBzY2hlZHVsZXIudHJpZ2dlcnMuY3Jvbi5leHByZXNzaW9uc5SMDUFsbEV4cHJlc3Npb26Uk5QpgZR9lIwEc3RlcJROc2JhdWJoHYwKTW9udGhGaWVsZJSTlCmBlH2UKGgijAVtb250aJRoJIhoJV2UaCkpgZR9lGgsTnNiYXViaB2MD0RheU9mTW9udGhGaWVsZJSTlCmBlH2UKGgijANkYXmUaCSJaCVdlGgpKYGUfZRoLE5zYmF1YmgdjAlXZWVrRmllbGSUk5QpgZR9lChoIowEd2Vla5RoJIhoJV2UaCkpgZR9lGgsTnNiYXViaB2MDkRheU9mV2Vla0ZpZWxklJOUKYGUfZQoaCKMC2RheV9vZl93ZWVrlGgkiGglXZRoKSmBlH2UaCxOc2JhdWJoHymBlH2UKGgijARob3VylGgkiGglXZRoJ4wPUmFuZ2VFeHByZXNzaW9ulJOUKYGUfZQoaCxOjAVmaXJzdJRLAIwEbGFzdJRLAHViYXViaB8pgZR9lChoIowGbWludXRllGgkiGglXZRoUimBlH2UKGgsTmhVSwBoVksAdWJhdWJoHymBlH2UKGgijAZzZWNvbmSUaCSIaCVdlGhSKYGUfZQoaCxOaFVLAGhWSwB1YmF1YmWMBmppdHRlcpROdWKMCGV4ZWN1dG9ylIwHZGVmYXVsdJSMBGFyZ3OUKYwGa3dhcmdzlH2UaCJoA4wSbWlzZmlyZV9ncmFjZV90aW1llEsBjAhjb2FsZXNjZZSIjA1tYXhfaW5zdGFuY2VzlEsBjA1uZXh0X3J1bl90aW1llIwIZGF0ZXRpbWWUjAhkYXRldGltZZSTlEMKB+gLDQAAAAAAAJRoGIaUUpR1Lg=="}}, {"model": "filmproject.film", "pk": 1034541, "fields": {"adult": false, "backdrop_path": "/18TSJF1WLA4CkymvVUcKDBwUJ9F.jpg", "belongs_to_collection": false, "budget": 2000000, "homepage": "https://terrifier3.com/", "imdb_id": "tt27911000", "original_title": "Terrifier 3", "overview": "Five years after surviving Art the Clown's Halloween massacre, Sienna and Jonathan are still struggling to rebuild their shattered lives. As the holiday season approaches, they try to embrace the Christmas spirit and leave the horrors of the past behind. But just when they think they're safe, Art returns, determined to turn their holiday cheer into a new nightmare. The festive season quickly unravels as Art unleashes his twisted brand of terror, proving that no holiday is safe.", "popularity": "4174.554000", "poster_path": "/l1175hgL5DoXnqeZQCcU3eZIdhX.jpg", "release_date": "2024-10-09", "revenue": 77036702, "runtime": 125, "status": "Released", "tagline": "You better not shout, you better not cry.", "title": "Terrifier 3", "tmdb_id": 1034541, "vote_average": "6.999", "vote_count": 857, "mlm_rating": null}}, {"model": "filmproject.film", "pk": 1118031, "fields": {"adult": false, "backdrop_path": "/2fxnTXr8NwyTFkunkimJkGkhqfy.jpg", "belongs_to_collection": false, "budget": 0, "homepage": "https://nostromopictures.com/en/movies/coming-soon/apocalipsis-z-el-principio-del-fin", "imdb_id": "tt27599851", "original_title": "Apocalipsis Z: el principio del fin", "overview": "When a kind of rabies that transforms people into aggressive creatures spreads across the planet, Manel isolates himself at home with his cat, relying on his wits to survive; but soon they must go out in search of food, by land and by sea, dodging many dangers.", "popularity": "3508.579000", "poster_path": "/wIGJnIFQlESkC2rLpfA8EDHqk4g.jpg", "release_date": "2024-10-04", "revenue": 0, "runtime": 119, "status": "Released", "tagline": "", "title": "Apocalypse Z: The Beginning of the End", "tmdb_id": 1118031, "vote_average": "6.840", "vote_count": 353, "mlm_rating": null}}, {"model": "filmproject.person", "pk": 11161, "fields": {"adult": null, "gender": 2, "tmdb_id": 11161, "known_for_department": "acting", "name": "Tom Savini", "popularity": "14.783", "profile_path": "/zBYnzxzlAIEoanEU00bGYJmRS6k.jpg"}}, {"model": "filmproject.person", "pk": 12261, "fields": {"adult": null, "gender": 2, "tmdb_id": 12261, "known_for_department": "acting", "name": "Jason Patric", "popularity": "42.417", "profile_path": "/iv21ZjE90f9QNiNONKF9Lp6ZD68.jpg"}}, {"model": "filmproject.person", "pk": 15661, "fields": {"adult": null, "gender": 2, "tmdb_id": 15661, "known_for_department": "acting", "name": "Clint Howard", "popularity": "14.197", "profile_path": "/6tugb8rz1hj8tYlSaSmUBD741fw.jpg"}}, {"model": "filmproject.person", "pk": 17866, "fields": {"adult": null, "gender": 2, "tmdb_id": 17866, "known_for_department": "acting", "name": "Jon Abrahams", "popularity": "6.689", "profile_path": "/lB4qv4fTjP02m7w19TFXc29yLUd.jpg"}}, {"model": "filmproject.person", "pk": 37405, "fields": {"adult": null, "gender": 1, "tmdb_id": 37405, "known_for_department": "acting", "name": "Margaret Anne Florence", "popularity": "9.525", "profile_path": "/c2EqBueLCrn6XEnmfutylUd1icl.jpg"}}, {"model": "filmproject.person", "pk": 43774, "fields": {"adult": null, "gender": 2, "tmdb_id": 43774, "known_for_department": "acting", "name": "Daniel Roebuck", "popularity": "15.842", "profile_path": "/y40aX3SdvUZwE7feNq77UMg3zge.jpg"}}, {"model": "filmproject.person", "pk": 51865, "fields": {"adult": null, "gender": 2, "tmdb_id": 51865, "known_for_department": "acting", "name": "Michael Genet", "popularity": "2.345", "profile_path": "/bATKiWGbnwyghwHrS6NALcOAYCq.jpg"}}, {"model": "filmproject.person", "pk": 65769, "fields": {"adult": null, "gender": 2, "tmdb_id": 65769, "known_for_department": "acting", "name": "Bryce Johnson", "popularity": "4.618", "profile_path": "/iyHjMvKijZZDVZkK681JAio4nAh.jpg"}}, {"model": "filmproject.person", "pk": 72128, "fields": {"adult": null, "gender": 2, "tmdb_id": 72128, "known_for_department": "acting", "name": "José María Yázpik", "popularity": "4.037", "profile_path": "/uqZE7oXEADJ1NTg7g7xRELw59Hy.jpg"}}, {"model": "filmproject.person", "pk": 98661, "fields": {"adult": null, "gender": 2, "tmdb_id": 98661, "known_for_department": "acting", "name": "Bradley Stryker", "popularity": "5.111", "profile_path": "/3h0F6HRz4He5ESx9mIIIGV90MF2.jpg"}}, {"model": "filmproject.person", "pk": 105656, "fields": {"adult": null, "gender": 2, "tmdb_id": 105656, "known_for_department": "acting", "name": "Chris Irvine", "popularity": "9.103", "profile_path": "/n9A6gsBCwvsF4KcEABU3lHp3jXU.jpg"}}, {"model": "filmproject.person", "pk": 141255, "fields": {"adult": null, "gender": 2, "tmdb_id": 141255, "known_for_department": "acting", "name": "Alex Ross", "popularity": "1.602", "profile_path": "/xDATCXzkSP7I1EJPEKdDNn4IIb0.jpg"}}, {"model": "filmproject.person", "pk": 933176, "fields": {"adult": null, "gender": 2, "tmdb_id": 933176, "known_for_department": "directing", "name": "Damien Leone", "popularity": "16.548", "profile_path": "/nX2kkYD32x2PC9rRU7DrYCRPjFE.jpg"}}, {"model": "filmproject.person", "pk": 1017209, "fields": {"adult": null, "gender": 2, "tmdb_id": 1017209, "known_for_department": "directing", "name": "Carles Torrens", "popularity": "2.990", "profile_path": "/jBGDX4BwsytGhPehgrrPKFFlIgn.jpg"}}, {"model": "filmproject.person", "pk": 1188090, "fields": {"adult": null, "gender": 2, "tmdb_id": 1188090, "known_for_department": "acting", "name": "Francesc Galceran", "popularity": "0.563", "profile_path": "/43WooYCrUTlpeStMWJGwAZE6HLE.jpg"}}, {"model": "filmproject.person", "pk": 1375767, "fields": {"adult": null, "gender": 1, "tmdb_id": 1375767, "known_for_department": "acting", "name": "Marie Maser", "popularity": "6.215", "profile_path": "/iFLTBR6mC32zjSsTruT7m7aLCqo.jpg"}}, {"model": "filmproject.person", "pk": 1452953, "fields": {"adult": null, "gender": 1, "tmdb_id": 1452953, "known_for_department": "acting", "name": "Alexa Blair Robertson", "popularity": "30.066", "profile_path": "/zwTs9vDLKtvtxZztiH6gYUfK5MC.jpg"}}, {"model": "filmproject.person", "pk": 1457340, "fields": {"adult": null, "gender": 1, "tmdb_id": 1457340, "known_for_department": "acting", "name": "Berta Vázquez", "popularity": "12.993", "profile_path": "/2QNOI5L03XomONmCR42GPyVYryy.jpg"}}, {"model": "filmproject.person", "pk": 1460406, "fields": {"adult": null, "gender": 1, "tmdb_id": 1460406, "known_for_department": "acting", "name": "Marta Poveda", "popularity": "1.905", "profile_path": "/gsQvVa5uipx5YAQ8esJevlmPjsv.jpg"}}, {"model": "filmproject.person", "pk": 1468897, "fields": {"adult": null, "gender": 1, "tmdb_id": 1468897, "known_for_department": "acting", "name": "María Salgueiro", "popularity": "3.782", "profile_path": "/qpJq1ci0IDmew1zl6oEXCx6HGW.jpg"}}, {"model": "filmproject.person", "pk": 1485149, "fields": {"adult": null, "gender": 2, "tmdb_id": 1485149, "known_for_department": "acting", "name": "Jesús Lloveras", "popularity": "1.174", "profile_path": "/c4qASKR8pxBxSYwLWd937VzkdRw.jpg"}}, {"model": "filmproject.person", "pk": 1632933, "fields": {"adult": null, "gender": 2, "tmdb_id": 1632933, "known_for_department": "acting", "name": "Chip Carriere", "popularity": "1.030", "profile_path": "/3OZ3fGF2iWwnhk1jM9gulUcQekk.jpg"}}, {"model": "filmproject.person", "pk": 1676771, "fields": {"adult": null, "gender": 1, "tmdb_id": 1676771, "known_for_department": "acting", "name": "Samantha Scaffidi", "popularity": "15.721", "profile_path": "/jwd0XXuc4ibXAXjOxmhsFP0fQEO.jpg"}}, {"model": "filmproject.person", "pk": 1679850, "fields": {"adult": null, "gender": 2, "tmdb_id": 1679850, "known_for_department": "acting", "name": "Niko Verona", "popularity": "0.860", "profile_path": ""}}, {"model": "filmproject.person", "pk": 1681757, "fields": {"adult": null, "gender": 2, "tmdb_id": 1681757, "known_for_department": "acting", "name": "Lauren Sowa", "popularity": "0.612", "profile_path": "/lIck8t2MpRmbB23ugHQDzbRh7w1.jpg"}}, {"model": "filmproject.person", "pk": 1697209, "fields": {"adult": null, "gender": 2, "tmdb_id": 1697209, "known_for_department": "acting", "name": "Tom White", "popularity": "0.590", "profile_path": "/2sxm3jvrUGVWu0aSOCVB3wyobkT.jpg"}}, {"model": "filmproject.person", "pk": 1790487, "fields": {"adult": null, "gender": 2, "tmdb_id": 1790487, "known_for_department": "acting", "name": "Arántzazu Ruiz", "popularity": "0.001", "profile_path": "/csveRrPjBO3hjfsaxmHVNw2P6We.jpg"}}, {"model": "filmproject.person", "pk": 1808448, "fields": {"adult": null, "gender": 2, "tmdb_id": 1808448, "known_for_department": "acting", "name": "Yuri Mykhaylychenko", "popularity": "0.001", "profile_path": "/5sju9FQLapCyxhXA5VsSJFzeo5Q.jpg"}}, {"model": "filmproject.person", "pk": 1880016, "fields": {"adult": null, "gender": 2, "tmdb_id": 1880016, "known_for_department": "acting", "name": "David Howard Thornton", "popularity": "42.900", "profile_path": "/9nYijs4ACzjg93zKezLiLmuRGvp.jpg"}}, {"model": "filmproject.person", "pk": 1882502, "fields": {"adult": null, "gender": 1, "tmdb_id": 1882502, "known_for_department": "acting", "name": "Lauren LaVera", "popularity": "35.610", "profile_path": "/qJYWq2oZcvHh7lnGskxkrYXCom0.jpg"}}, {"model": "filmproject.person", "pk": 2020242, "fields": {"adult": null, "gender": 2, "tmdb_id": 2020242, "known_for_department": "acting", "name": "Vanessa Buchaca", "popularity": "0.001", "profile_path": "/hieD7H9ityRUhQ1jIa3dQxOevFA.jpg"}}, {"model": "filmproject.person", "pk": 2033816, "fields": {"adult": null, "gender": 2, "tmdb_id": 2033816, "known_for_department": "acting", "name": "Andrew Hollinger", "popularity": "1.579", "profile_path": "/5baqdOJvvba4bnwVMdg0LAaYE3F.jpg"}}, {"model": "filmproject.person", "pk": 2071485, "fields": {"adult": null, "gender": 1, "tmdb_id": 2071485, "known_for_department": "acting", "name": "Charlotte McKee", "popularity": "2.684", "profile_path": "/eEYQ2jS1EMBMGPzranEglVETeEB.jpg"}}, {"model": "filmproject.person", "pk": 2200932, "fields": {"adult": null, "gender": 2, "tmdb_id": 2200932, "known_for_department": "acting", "name": "Israel Acevedo", "popularity": "0.643", "profile_path": "/vmyudYvV08JtPHx9WnaVH5YvE3q.jpg"}}, {"model": "filmproject.person", "pk": 2264694, "fields": {"adult": null, "gender": 1, "tmdb_id": 2264694, "known_for_department": "acting", "name": "Iria del Río", "popularity": "4.640", "profile_path": "/z7Dqvpnb8R13P6B5pmUCDxb2Jvv.jpg"}}, {"model": "filmproject.person", "pk": 2300226, "fields": {"adult": null, "gender": 2, "tmdb_id": 2300226, "known_for_department": "acting", "name": "Sienna Hubert-Ross", "popularity": "2.525", "profile_path": "/rXZIHcE2re2nqBnwZmowiinr3dz.jpg"}}, {"model": "filmproject.person", "pk": 2371175, "fields": {"adult": null, "gender": 2, "tmdb_id": 2371175, "known_for_department": "acting", "name": "Hicham Malayo", "popularity": "0.305", "profile_path": "/k4ZiUldRIOjvi0huluHA7h5jMu7.jpg"}}, {"model": "filmproject.person", "pk": 2371426, "fields": {"adult": null, "gender": 2, "tmdb_id": 2371426, "known_for_department": "acting", "name": "Ferran Herrera", "popularity": "0.001", "profile_path": ""}}, {"model": "filmproject.person", "pk": 2406910, "fields": {"adult": null, "gender": 1, "tmdb_id": 2406910, "known_for_department": "acting", "name": "Annie Lederman", "popularity": "0.176", "profile_path": "/o9YMHgUKlXzM54mBR33pL55Q4GG.jpg"}}, {"model": "filmproject.person", "pk": 2422766, "fields": {"adult": null, "gender": 2, "tmdb_id": 2422766, "known_for_department": "acting", "name": "Francisco Ortiz", "popularity": "14.412", "profile_path": "/iIwGt05vG5smGDiLJ7f6bMRQOOY.jpg"}}, {"model": "filmproject.person", "pk": 2484859, "fields": {"adult": null, "gender": 2, "tmdb_id": 2484859, "known_for_department": "acting", "name": "Elena Seijo", "popularity": "2.564", "profile_path": "/4ElzTmFnXUHD6MWcKVWLlZuKxIi.jpg"}}, {"model": "filmproject.person", "pk": 2699656, "fields": {"adult": null, "gender": 2, "tmdb_id": 2699656, "known_for_department": "acting", "name": "Michel Vidal", "popularity": "0.596", "profile_path": ""}}, {"model": "filmproject.person", "pk": 2778058, "fields": {"adult": null, "gender": 2, "tmdb_id": 2778058, "known_for_department": "acting", "name": "Sergey Grab", "popularity": "1.063", "profile_path": "/2733irSVqzflHSLXnWuO3NvIhwY.jpg"}}, {"model": "filmproject.person", "pk": 2787720, "fields": {"adult": null, "gender": 2, "tmdb_id": 2787720, "known_for_department": "acting", "name": "Elliott Fullam", "popularity": "45.260", "profile_path": "/dNsFLihmWfA2KCENbZCtq9AjSob.jpg"}}, {"model": "filmproject.person", "pk": 2829463, "fields": {"adult": null, "gender": 1, "tmdb_id": 2829463, "known_for_department": "acting", "name": "Krsy Fox", "popularity": "6.375", "profile_path": "/6bRT5c4MoP7yP3yza5HFdV9ajra.jpg"}}, {"model": "filmproject.person", "pk": 2929691, "fields": {"adult": null, "gender": 2, "tmdb_id": 2929691, "known_for_department": "acting", "name": "Iván Ros", "popularity": "0.230", "profile_path": "/eRTuUiw7kthoifDzplFmLWabCVr.jpg"}}, {"model": "filmproject.person", "pk": 2964415, "fields": {"adult": null, "gender": 2, "tmdb_id": 2964415, "known_for_department": "acting", "name": "Beethovan Oden", "popularity": "0.524", "profile_path": ""}}, {"model": "filmproject.person", "pk": 3038953, "fields": {"adult": null, "gender": 2, "tmdb_id": 3038953, "known_for_department": "acting", "name": "Malcolm McCarthy", "popularity": "0.035", "profile_path": ""}}, {"model": "filmproject.person", "pk": 3063106, "fields": {"adult": null, "gender": 2, "tmdb_id": 3063106, "known_for_department": "acting", "name": "Oriol Ruiz", "popularity": "0.001", "profile_path": ""}}, {"model": "filmproject.person", "pk": 3151705, "fields": {"adult": null, "gender": 2, "tmdb_id": 3151705, "known_for_department": "acting", "name": "Preston Christopher Lawrence", "popularity": "0.440", "profile_path": ""}}, {"model": "filmproject.person", "pk": 3250317, "fields": {"adult": null, "gender": 2, "tmdb_id": 3250317, "known_for_department": "acting", "name": "Mason Mecartea", "popularity": "7.661", "profile_path": "/jkbpjqRFBmAaGILnDiqpnPj0qty.jpg"}}, {"model": "filmproject.person", "pk": 3254029, "fields": {"adult": null, "gender": 1, "tmdb_id": 3254029, "known_for_department": "acting", "name": "Jennifer C. Johnson", "popularity": "1.004", "profile_path": ""}}, {"model": "filmproject.person", "pk": 3261947, "fields": {"adult": null, "gender": 2, "tmdb_id": 3261947, "known_for_department": "acting", "name": "Stephen Cofield Jr.", "popularity": "1.043", "profile_path": "/1dUrhHa5ivG8fXILjJBP16AzdQ5.jpg"}}, {"model": "filmproject.person", "pk": 3346459, "fields": {"adult": null, "gender": 1, "tmdb_id": 3346459, "known_for_department": "acting", "name": "Luciana VanDette", "popularity": "4.400", "profile_path": "/sHu5Kdq0ZnKJpEbVNovXlHmmJKo.jpg"}}, {"model": "filmproject.person", "pk": 3567877, "fields": {"adult": null, "gender": 1, "tmdb_id": 3567877, "known_for_department": "acting", "name": "Joana Oliveira", "popularity": "0.572", "profile_path": "/tRaYYPEYdcxw9YKhTiFK6UH7jpo.jpg"}}, {"model": "filmproject.person", "pk": 3693279, "fields": {"adult": null, "gender": 1, "tmdb_id": 3693279, "known_for_department": "acting", "name": "Luciana Elisa Quiñonez", "popularity": "3.583", "profile_path": "/qeTKeqLo1xj9DsRRUaMrfTYgQg6.jpg"}}, {"model": "filmproject.person", "pk": 3743767, "fields": {"adult": null, "gender": 1, "tmdb_id": 3743767, "known_for_department": "acting", "name": "Antonella Rose", "popularity": "20.677", "profile_path": "/sdqM1qQEjRuo460AuUOjFAH7kCm.jpg"}}, {"model": "filmproject.person", "pk": 3770583, "fields": {"adult": null, "gender": 2, "tmdb_id": 3770583, "known_for_department": "acting", "name": "Thais Kauffmann", "popularity": "0.001", "profile_path": ""}}, {"model": "filmproject.person", "pk": 3790695, "fields": {"adult": null, "gender": 1, "tmdb_id": 3790695, "known_for_department": "acting", "name": "Kailey Hyman", "popularity": "10.689", "profile_path": "/aiREJkXiIT2GIzZcl6M9LPOFbuI.jpg"}}, {"model": "filmproject.person", "pk": 3793722, "fields": {"adult": null, "gender": 2, "tmdb_id": 3793722, "known_for_department": "acting", "name": "Evelyn Lee", "popularity": "0.001", "profile_path": ""}}, {"model": "filmproject.person", "pk": 4028695, "fields": {"adult": null, "gender": 2, "tmdb_id": 4028695, "known_for_department": "acting", "name": "Manel Loureiro", "popularity": "0.001", "profile_path": ""}}, {"model": "filmproject.person", "pk": 4050875, "fields": {"adult": null, "gender": 2, "tmdb_id": 4050875, "known_for_department": "acting", "name": "Banks Quinney", "popularity": "0.020", "profile_path": ""}}, {"model": "filmproject.person", "pk": 4115104, "fields": {"adult": null, "gender": 2, "tmdb_id": 4115104, "known_for_department": "acting", "name": "Beka Lemonjava", "popularity": "0.021", "profile_path": ""}}, {"model": "filmproject.person", "pk": 4227821, "fields": {"adult": null, "gender": 2, "tmdb_id": 4227821, "known_for_department": "acting", "name": "Nariyah Simpson", "popularity": "0.311", "profile_path": ""}}, {"model": "filmproject.person", "pk": 4283050, "fields": {"adult": null, "gender": 2, "tmdb_id": 4283050, "known_for_department": "acting", "name": "Kellen Raffaelo", "popularity": "0.001", "profile_path": "/lAh7h01WIC8MlfJCOoLRpSPJQSp.jpg"}}, {"model": "filmproject.person", "pk": 4680337, "fields": {"adult": null, "gender": 2, "tmdb_id": 4680337, "known_for_department": "acting", "name": "Paloma Otero", "popularity": "0.161", "profile_path": "/fiBCYWPthuBMjHYzZsOmOw8yKAn.jpg"}}, {"model": "filmproject.person", "pk": 4681930, "fields": {"adult": null, "gender": 2, "tmdb_id": 4681930, "known_for_department": "acting", "name": "Peter Mitchell", "popularity": "0.001", "profile_path": ""}}, {"model": "filmproject.person", "pk": 4791178, "fields": {"adult": null, "gender": 2, "tmdb_id": 4791178, "known_for_department": "acting", "name": "Miquel Murga", "popularity": "0.001", "profile_path": ""}}, {"model": "filmproject.person", "pk": 4887266, "fields": {"adult": null, "gender": 2, "tmdb_id": 4887266, "known_for_department": "acting", "name": "Ilia Krisulas", "popularity": "0.001", "profile_path": ""}}, {"model": "filmproject.person", "pk": 4887267, "fields": {"adult": null, "gender": 2, "tmdb_id": 4887267, "known_for_department": "acting", "name": "Dominick Muschello", "popularity": "0.001", "profile_path": ""}}, {"model": "filmproject.person", "pk": 4942785, "fields": {"adult": null, "gender": 2, "tmdb_id": 4942785, "known_for_department": "acting", "name": "Javier Oliveras", "popularity": "0.001", "profile_path": ""}}, {"model": "filmproject.person", "pk": 4970463, "fields": {"adult": null, "gender": 2, "tmdb_id": 4970463, "known_for_department": "acting", "name": "Manuel Lourido", "popularity": "0.001", "profile_path": ""}}, {"model": "filmproject.person", "pk": 4993473, "fields": {"adult": null, "gender": 2, "tmdb_id": 4993473, "known_for_department": "acting", "name": "Lisamarie Falcone", "popularity": "0.003", "profile_path": ""}}, {"model": "filmproject.person", "pk": 4993477, "fields": {"adult": null, "gender": 2, "tmdb_id": 4993477, "known_for_department": "acting", "name": "Joe Falcone", "popularity": "0.003", "profile_path": ""}}, {"model": "filmproject.person", "pk": 4993481, "fields": {"adult": null, "gender": 2, "tmdb_id": 4993481, "known_for_department": "acting", "name": "Juliana Lamia", "popularity": "0.407", "profile_path": "/3Akrb2CpQFZUoOKTPGcXjgKov3H.jpg"}}, {"model": "filmproject.person", "pk": 4993486, "fields": {"adult": null, "gender": 2, "tmdb_id": 4993486, "known_for_department": "acting", "name": "Robert Catalano", "popularity": "0.035", "profile_path": ""}}, {"model": "filmproject.person", "pk": 4993494, "fields": {"adult": null, "gender": 2, "tmdb_id": 4993494, "known_for_department": "acting", "name": "Samantha Schwartz", "popularity": "0.014", "profile_path": ""}}, {"model": "filmproject.person", "pk": 4993495, "fields": {"adult": null, "gender": 2, "tmdb_id": 4993495, "known_for_department": "acting", "name": "Katie Curri", "popularity": "0.071", "profile_path": ""}}, {"model": "filmproject.person", "pk": 4993496, "fields": {"adult": null, "gender": 2, "tmdb_id": 4993496, "known_for_department": "acting", "name": "Ryan Usui", "popularity": "0.006", "profile_path": ""}}, {"model": "filmproject.person", "pk": 4993499, "fields": {"adult": null, "gender": 2, "tmdb_id": 4993499, "known_for_department": "acting", "name": "Michael Loverde", "popularity": "0.014", "profile_path": ""}}, {"model": "filmproject.person", "pk": 5043607, "fields": {"adult": null, "gender": 2, "tmdb_id": 5043607, "known_for_department": "acting", "name": "Amalia Gómez", "popularity": "0.825", "profile_path": ""}}, {"model": "filmproject.person", "pk": 5043610, "fields": {"adult": null, "gender": 2, "tmdb_id": 5043610, "known_for_department": "acting", "name": "Ian Monclús", "popularity": "0.724", "profile_path": ""}}, {"model": "filmproject.person", "pk": 5043611, "fields": {"adult": null, "gender": 2, "tmdb_id": 5043611, "known_for_department": "acting", "name": "Yaiza Macías", "popularity": "0.428", "profile_path": ""}}, {"model": "filmproject.person", "pk": 5043615, "fields": {"adult": null, "gender": 2, "tmdb_id": 5043615, "known_for_department": "acting", "name": "Ana García Molero", "popularity": "0.431", "profile_path": ""}}, {"model": "filmproject.person", "pk": 5043620, "fields": {"adult": null, "gender": 2, "tmdb_id": 5043620, "known_for_department": "acting", "name": "Iago Andrade", "popularity": "0.297", "profile_path": ""}}, {"model": "filmproject.person", "pk": 5043622, "fields": {"adult": null, "gender": 2, "tmdb_id": 5043622, "known_for_department": "acting", "name": "Mohamed-Ali Boulabiar", "popularity": "0.185", "profile_path": ""}}, {"model": "filmproject.person", "pk": 5043642, "fields": {"adult": null, "gender": 2, "tmdb_id": 5043642, "known_for_department": "acting", "name": "Sergio Crespo", "popularity": "0.185", "profile_path": ""}}, {"model": "filmproject.person", "pk": 5043646, "fields": {"adult": null, "gender": 2, "tmdb_id": 5043646, "known_for_department": "acting", "name": "Benjamín Montes", "popularity": "0.185", "profile_path": ""}}, {"model": "filmproject.person", "pk": 5043648, "fields": {"adult": null, "gender": 2, "tmdb_id": 5043648, "known_for_department": "acting", "name": "Alberto Ladrón", "popularity": "0.431", "profile_path": ""}}, {"model": "filmproject.person", "pk": 5043650, "fields": {"adult": null, "gender": 2, "tmdb_id": 5043650, "known_for_department": "acting", "name": "Monica McCollin", "popularity": "0.185", "profile_path": ""}}, {"model": "filmproject.person", "pk": 5043653, "fields": {"adult": null, "gender": 2, "tmdb_id": 5043653, "known_for_department": "acting", "name": "Enric Fonteta", "popularity": "0.185", "profile_path": ""}}, {"model": "filmproject.person", "pk": 5043657, "fields": {"adult": null, "gender": 2, "tmdb_id": 5043657, "known_for_department": "acting", "name": "Mou Ghazouan", "popularity": "0.294", "profile_path": ""}}, {"model": "filmproject.person", "pk": 5043661, "fields": {"adult": null, "gender": 2, "tmdb_id": 5043661, "known_for_department": "acting", "name": "Albert Lesan", "popularity": "0.221", "profile_path": ""}}, {"model": "filmproject.person", "pk": 5043665, "fields": {"adult": null, "gender": 2, "tmdb_id": 5043665, "known_for_department": "acting", "name": "Laura González", "popularity": "0.527", "profile_path": ""}}, {"model": "filmproject.lt_films_cast", "pk": 1, "fields": {"film": 1118031, "person": 2422766, "cast_id": 6, "character": "Manel", "credit_id": "644a446da39d0b0d8d24663e", "order": 0}}, {"model": "filmproject.lt_films_cast", "pk": 2, "fields": {"film": 1118031, "person": 72128, "cast_id": 7, "character": "Pritchenko", "credit_id": "6474aeb9dd731b2d7b666173", "order": 1}}, {"model": "filmproject.lt_films_cast", "pk": 3, "fields": {"film": 1118031, "person": 1457340, "cast_id": 8, "character": "Lucía", "credit_id": "6474aed3dd731b2d7b66617d", "order": 2}}, {"model": "filmproject.lt_films_cast", "pk": 4, "fields": {"film": 1118031, "person": 2264694, "cast_id": 10, "character": "Julia", "credit_id": "6474af06cc277c00f9f51dee", "order": 3}}, {"model": "filmproject.lt_films_cast", "pk": 5, "fields": {"film": 1118031, "person": 1460406, "cast_id": 9, "character": "Belén", "credit_id": "6474aeeebe2d4900bf9eb9cf", "order": 4}}, {"model": "filmproject.lt_films_cast", "pk": 6, "fields": {"film": 1118031, "person": 5043607, "cast_id": 33, "character": "Gabriela", "credit_id": "672b3507425bdcd2ace35303", "order": 5}}, {"model": "filmproject.lt_films_cast", "pk": 7, "fields": {"film": 1118031, "person": 1468897, "cast_id": 34, "character": "Sister Cecilia", "credit_id": "672b352e7967e06110ecc39e", "order": 6}}, {"model": "filmproject.lt_films_cast", "pk": 8, "fields": {"film": 1118031, "person": 1808448, "cast_id": 35, "character": "Ushakov", "credit_id": "672b3562ec5c6d529fc5535a", "order": 7}}, {"model": "filmproject.lt_films_cast", "pk": 9, "fields": {"film": 1118031, "person": 5043610, "cast_id": 36, "character": "Max", "credit_id": "672b358060f5b9ecdff07bc5", "order": 8}}, {"model": "filmproject.lt_films_cast", "pk": 10, "fields": {"film": 1118031, "person": 5043611, "cast_id": 37, "character": "Laila", "credit_id": "672b359e60f5b9ecdff07bd4", "order": 9}}, {"model": "filmproject.lt_films_cast", "pk": 11, "fields": {"film": 1118031, "person": 5043615, "cast_id": 38, "character": "Iria", "credit_id": "672b35beec5c6d529fc55390", "order": 10}}, {"model": "filmproject.lt_films_cast", "pk": 12, "fields": {"film": 1118031, "person": 5043620, "cast_id": 39, "character": "Carlos", "credit_id": "672b36644b30e929cd6ede2e", "order": 11}}, {"model": "filmproject.lt_films_cast", "pk": 13, "fields": {"film": 1118031, "person": 5043622, "cast_id": 40, "character": "Kamil", "credit_id": "672b369f7967e06110ecc3c7", "order": 12}}, {"model": "filmproject.lt_films_cast", "pk": 14, "fields": {"film": 1118031, "person": 2778058, "cast_id": 41, "character": "Sergey", "credit_id": "672b36c1de546585d04d8fe4", "order": 13}}, {"model": "filmproject.lt_films_cast", "pk": 15, "fields": {"film": 1118031, "person": 4115104, "cast_id": 42, "character": "Cheslav", "credit_id": "672b36e7898d18e69095c6e2", "order": 14}}, {"model": "filmproject.lt_films_cast", "pk": 16, "fields": {"film": 1118031, "person": 1679850, "cast_id": 43, "character": "Nikolai", "credit_id": "672b378f425bdcd2ace3531a", "order": 15}}, {"model": "filmproject.lt_films_cast", "pk": 17, "fields": {"film": 1118031, "person": 3063106, "cast_id": 44, "character": "Mario", "credit_id": "672b37a9433c82ea267e90bf", "order": 16}}, {"model": "filmproject.lt_films_cast", "pk": 18, "fields": {"film": 1118031, "person": 2484859, "cast_id": 45, "character": "Van Wife", "credit_id": "672b37c9424cc6a3be2e4923", "order": 17}}, {"model": "filmproject.lt_films_cast", "pk": 19, "fields": {"film": 1118031, "person": 2371426, "cast_id": 46, "character": "Van Husband", "credit_id": "672b37e8599da2898095493d", "order": 18}}, {"model": "filmproject.lt_films_cast", "pk": 20, "fields": {"film": 1118031, "person": 3567877, "cast_id": 47, "character": "Portuguese Buyer #1", "credit_id": "672b382d7967e06110ecc43b", "order": 19}}, {"model": "filmproject.lt_films_cast", "pk": 21, "fields": {"film": 1118031, "person": 3770583, "cast_id": 48, "character": "Portuguese Buyer #2", "credit_id": "672b384c425bdcd2ace35364", "order": 20}}, {"model": "filmproject.lt_films_cast", "pk": 22, "fields": {"film": 1118031, "person": 2929691, "cast_id": 49, "character": "Supermarket Man", "credit_id": "672b3879425bdcd2ace35386", "order": 21}}, {"model": "filmproject.lt_films_cast", "pk": 23, "fields": {"film": 1118031, "person": 2020242, "cast_id": 50, "character": "Supermarket Woman", "credit_id": "672b3894de546585d04d902e", "order": 22}}, {"model": "filmproject.lt_films_cast", "pk": 24, "fields": {"film": 1118031, "person": 4970463, "cast_id": 51, "character": "Nervous Passenger", "credit_id": "672b38ea424cc6a3be2e49e7", "order": 23}}, {"model": "filmproject.lt_films_cast", "pk": 25, "fields": {"film": 1118031, "person": 5043642, "cast_id": 52, "character": "Airport Guardia Civil Agent", "credit_id": "672b391660f5b9ecdff07c08", "order": 24}}, {"model": "filmproject.lt_films_cast", "pk": 26, "fields": {"film": 1118031, "person": 4680337, "cast_id": 53, "character": "Airport Stewardess", "credit_id": "672b393b433c82ea267e9138", "order": 25}}, {"model": "filmproject.lt_films_cast", "pk": 27, "fields": {"film": 1118031, "person": 1790487, "cast_id": 54, "character": "Mrs. Tebar", "credit_id": "672b39ac433c82ea267e9167", "order": 26}}, {"model": "filmproject.lt_films_cast", "pk": 28, "fields": {"film": 1118031, "person": 5043646, "cast_id": 55, "character": "Housing State MP", "credit_id": "672b3a56424cc6a3be2e4a97", "order": 27}}, {"model": "filmproject.lt_films_cast", "pk": 29, "fields": {"film": 1118031, "person": 5043648, "cast_id": 56, "character": "Post Accident Medical Doctor", "credit_id": "672b3a8d42bec49877806506", "order": 28}}, {"model": "filmproject.lt_films_cast", "pk": 30, "fields": {"film": 1118031, "person": 5043650, "cast_id": 57, "character": "US Girl", "credit_id": "672b3aaede546585d04d90c3", "order": 29}}, {"model": "filmproject.lt_films_cast", "pk": 31, "fields": {"film": 1118031, "person": 3038953, "cast_id": 58, "character": "Cuban McGyver", "credit_id": "672b3ada424cc6a3be2e4ac8", "order": 30}}, {"model": "filmproject.lt_films_cast", "pk": 32, "fields": {"film": 1118031, "person": 4942785, "cast_id": 59, "character": "Manel Home Policeman", "credit_id": "672b3b094b30e929cd6ede72", "order": 31}}, {"model": "filmproject.lt_films_cast", "pk": 33, "fields": {"film": 1118031, "person": 5043653, "cast_id": 60, "character": "Housing State Burglar", "credit_id": "672b3b3026b605bc19e59ea5", "order": 32}}, {"model": "filmproject.lt_films_cast", "pk": 34, "fields": {"film": 1118031, "person": 2371175, "cast_id": 61, "character": "Prisoner #1", "credit_id": "672b3b5a26b605bc19e59eb4", "order": 33}}, {"model": "filmproject.lt_films_cast", "pk": 35, "fields": {"film": 1118031, "person": 5043657, "cast_id": 62, "character": "Prisoner #2", "credit_id": "672b3b7f26b605bc19e59edc", "order": 34}}, {"model": "filmproject.lt_films_cast", "pk": 36, "fields": {"film": 1118031, "person": 4028695, "cast_id": 63, "character": "TV Talk Show Host", "credit_id": "672b3baa7967e06110ecc477", "order": 35}}, {"model": "filmproject.lt_films_cast", "pk": 37, "fields": {"film": 1118031, "person": 5043661, "cast_id": 64, "character": "TV Talk Show Expert", "credit_id": "672b3bd242bec498778065a9", "order": 36}}, {"model": "filmproject.lt_films_cast", "pk": 38, "fields": {"film": 1118031, "person": 5043665, "cast_id": 65, "character": "TV Talk Show Panel Member", "credit_id": "672b3c69d0c072ad48f54868", "order": 37}}, {"model": "filmproject.lt_films_cast", "pk": 39, "fields": {"film": 1118031, "person": 4791178, "cast_id": 66, "character": "TV Talk Show Panel Member", "credit_id": "672b3cd842bec4987780660c", "order": 38}}, {"model": "filmproject.lt_films_cast", "pk": 40, "fields": {"film": 1118031, "person": 1188090, "cast_id": 67, "character": "Health Department Spokesman", "credit_id": "672b3d124b30e929cd6edf04", "order": 39}}, {"model": "filmproject.lt_films_cast", "pk": 41, "fields": {"film": 1118031, "person": 1485149, "cast_id": 68, "character": "Government President", "credit_id": "672b3d6b425bdcd2ace354e8", "order": 40}}, {"model": "filmproject.lt_films_cast", "pk": 42, "fields": {"film": 1034541, "person": 1882502, "cast_id": 153, "character": "Sienna Shaw", "credit_id": "672dbb05599da28980958eb1", "order": 0}}, {"model": "filmproject.lt_films_cast", "pk": 43, "fields": {"film": 1034541, "person": 2787720, "cast_id": 155, "character": "Jonathan Shaw", "credit_id": "672dbb674b30e929cd6f28a9", "order": 1}}, {"model": "filmproject.lt_films_cast", "pk": 44, "fields": {"film": 1034541, "person": 1880016, "cast_id": 154, "character": "Art the Clown", "credit_id": "672dbb547dcab2a0a617c3dc", "order": 2}}, {"model": "filmproject.lt_films_cast", "pk": 45, "fields": {"film": 1034541, "person": 1676771, "cast_id": 18, "character": "Victoria Heyes", "credit_id": "65789659f04d0101009c73f8", "order": 3}}, {"model": "filmproject.lt_films_cast", "pk": 46, "fields": {"film": 1034541, "person": 37405, "cast_id": 22, "character": "Jessica", "credit_id": "65ff16ef7f6c8d01636ecacc", "order": 4}}, {"model": "filmproject.lt_films_cast", "pk": 47, "fields": {"film": 1034541, "person": 65769, "cast_id": 57, "character": "Greg", "credit_id": "6708c8a4ee9614858724ace6", "order": 5}}, {"model": "filmproject.lt_films_cast", "pk": 48, "fields": {"film": 1034541, "person": 1452953, "cast_id": 56, "character": "Mia", "credit_id": "6708c855c5fcf5a1634f50b6", "order": 6}}, {"model": "filmproject.lt_films_cast", "pk": 49, "fields": {"film": 1034541, "person": 3743767, "cast_id": 156, "character": "Gabby", "credit_id": "672dbb9acaf727f3748ab601", "order": 7}}, {"model": "filmproject.lt_films_cast", "pk": 50, "fields": {"film": 1034541, "person": 3250317, "cast_id": 38, "character": "Cole", "credit_id": "667fb14f5ec91d7ef44a0678", "order": 8}}, {"model": "filmproject.lt_films_cast", "pk": 51, "fields": {"film": 1034541, "person": 2829463, "cast_id": 41, "character": "Jennifer", "credit_id": "668fb6f70fb6beda998162d6", "order": 9}}, {"model": "filmproject.lt_films_cast", "pk": 52, "fields": {"film": 1034541, "person": 3346459, "cast_id": 46, "character": "Juliet", "credit_id": "66ec9f39065b70b54232783c", "order": 10}}, {"model": "filmproject.lt_films_cast", "pk": 53, "fields": {"film": 1034541, "person": 15661, "cast_id": 39, "character": "Smokey", "credit_id": "668fb6e3c7912c29924a854e", "order": 11}}, {"model": "filmproject.lt_films_cast", "pk": 54, "fields": {"film": 1034541, "person": 98661, "cast_id": 45, "character": "Eddie", "credit_id": "66ec9f233d29e1389646d1c1", "order": 12}}, {"model": "filmproject.lt_films_cast", "pk": 55, "fields": {"film": 1034541, "person": 43774, "cast_id": 33, "character": "Charlie Johnson / Santa Claus", "credit_id": "66196335dd731b01650a8cc5", "order": 13}}, {"model": "filmproject.lt_films_cast", "pk": 56, "fields": {"film": 1034541, "person": 105656, "cast_id": 17, "character": "Burke", "credit_id": "657896484bfa545d020a8e75", "order": 14}}, {"model": "filmproject.lt_films_cast", "pk": 57, "fields": {"film": 1034541, "person": 11161, "cast_id": 36, "character": "Bystander", "credit_id": "66505fee200327a8616b1014", "order": 15}}, {"model": "filmproject.lt_films_cast", "pk": 58, "fields": {"film": 1034541, "person": 12261, "cast_id": 37, "character": "Michael", "credit_id": "6670611f35a0aef344c35555", "order": 16}}, {"model": "filmproject.lt_films_cast", "pk": 59, "fields": {"film": 1034541, "person": 141255, "cast_id": 44, "character": "Mark", "credit_id": "66ec9f13065b70b5423277f5", "order": 17}}, {"model": "filmproject.lt_films_cast", "pk": 60, "fields": {"film": 1034541, "person": 3790695, "cast_id": 66, "character": "Brooke", "credit_id": "6708cabf6adf662021300d75", "order": 18}}, {"model": "filmproject.lt_films_cast", "pk": 61, "fields": {"film": 1034541, "person": 4283050, "cast_id": 52, "character": "Timmy", "credit_id": "66ec9f98dd8b3a03f93269ea", "order": 19}}, {"model": "filmproject.lt_films_cast", "pk": 62, "fields": {"film": 1034541, "person": 17866, "cast_id": 151, "character": "Dennis", "credit_id": "670c5a934111be4f0274e871", "order": 20}}, {"model": "filmproject.lt_films_cast", "pk": 63, "fields": {"film": 1034541, "person": 51865, "cast_id": 49, "character": "Jackson", "credit_id": "66ec9f77065b70b542327854", "order": 21}}, {"model": "filmproject.lt_films_cast", "pk": 64, "fields": {"film": 1034541, "person": 3693279, "cast_id": 51, "character": "Young Sienna Shaw", "credit_id": "66ec9f8ddd8b3a03f93269e1", "order": 22}}, {"model": "filmproject.lt_films_cast", "pk": 65, "fields": {"film": 1034541, "person": 4993473, "cast_id": 59, "character": "Dispatch", "credit_id": "6708c9d1d357a2103996af42", "order": 23}}, {"model": "filmproject.lt_films_cast", "pk": 66, "fields": {"film": 1034541, "person": 3261947, "cast_id": 48, "character": "Officer Evans", "credit_id": "66ec9f6e3562807300fa928a", "order": 24}}, {"model": "filmproject.lt_films_cast", "pk": 67, "fields": {"film": 1034541, "person": 4993477, "cast_id": 61, "character": "Dean", "credit_id": "6708c9fbee9614858724ad4e", "order": 25}}, {"model": "filmproject.lt_films_cast", "pk": 68, "fields": {"film": 1034541, "person": 4681930, "cast_id": 62, "character": "Cosplayer", "credit_id": "6708ca1f8d487f6541286162", "order": 26}}, {"model": "filmproject.lt_films_cast", "pk": 69, "fields": {"film": 1034541, "person": 1375767, "cast_id": 63, "character": "Receptionist", "credit_id": "6708ca2cd357a2103996af81", "order": 27}}, {"model": "filmproject.lt_films_cast", "pk": 70, "fields": {"film": 1034541, "person": 2699656, "cast_id": 64, "character": "Armor Clad Demon", "credit_id": "6708ca3a8d487f654128617a", "order": 28}}, {"model": "filmproject.lt_films_cast", "pk": 71, "fields": {"film": 1034541, "person": 4993481, "cast_id": 65, "character": "The Virgin Mary", "credit_id": "6708ca936adf662021300d59", "order": 29}}, {"model": "filmproject.lt_films_cast", "pk": 72, "fields": {"film": 1034541, "person": 2300226, "cast_id": 35, "character": "Stacy Bar Girl #1", "credit_id": "662fe524e33f830128222d69", "order": 30}}, {"model": "filmproject.lt_films_cast", "pk": 73, "fields": {"film": 1034541, "person": 2071485, "cast_id": 34, "character": "Stacy Bar Girl #2", "credit_id": "662fe50603bf840122eb4c6f", "order": 31}}, {"model": "filmproject.lt_films_cast", "pk": 74, "fields": {"film": 1034541, "person": 1632933, "cast_id": 67, "character": "Dept Store Santa", "credit_id": "6708cb5cee9614858724ad80", "order": 32}}, {"model": "filmproject.lt_films_cast", "pk": 75, "fields": {"film": 1034541, "person": 2033816, "cast_id": 68, "character": "Elf", "credit_id": "6708cb68ee9614858724ad88", "order": 33}}, {"model": "filmproject.lt_films_cast", "pk": 76, "fields": {"film": 1034541, "person": 4993486, "cast_id": 69, "character": "Photographer", "credit_id": "6708cb746adf662021300dc0", "order": 34}}, {"model": "filmproject.lt_films_cast", "pk": 77, "fields": {"film": 1034541, "person": 1681757, "cast_id": 50, "character": "Mother", "credit_id": "66ec9f804a2cd3dc8d46dbf5", "order": 35}}, {"model": "filmproject.lt_films_cast", "pk": 78, "fields": {"film": 1034541, "person": 4227821, "cast_id": 53, "character": "Carol Anne", "credit_id": "66ec9fa54a2cd3dc8d46dc1f", "order": 36}}, {"model": "filmproject.lt_films_cast", "pk": 79, "fields": {"film": 1034541, "person": 4050875, "cast_id": 70, "character": "Little Boy #1", "credit_id": "6708cc5c8d487f65412862cb", "order": 37}}, {"model": "filmproject.lt_films_cast", "pk": 80, "fields": {"film": 1034541, "person": 3793722, "cast_id": 71, "character": "Little Girl #2", "credit_id": "6708cc67265a5f8bc5708cb0", "order": 38}}, {"model": "filmproject.lt_films_cast", "pk": 81, "fields": {"film": 1034541, "person": 2200932, "cast_id": 72, "character": "Security Guard", "credit_id": "6708cc736adf662021300e14", "order": 39}}, {"model": "filmproject.lt_films_cast", "pk": 82, "fields": {"film": 1034541, "person": 4993494, "cast_id": 73, "character": "Little Mall Girl", "credit_id": "6708cc7fee9614858724adac", "order": 40}}, {"model": "filmproject.lt_films_cast", "pk": 83, "fields": {"film": 1034541, "person": 3254029, "cast_id": 74, "character": "Angry Parent", "credit_id": "6708cc8dd357a2103996b09a", "order": 41}}, {"model": "filmproject.lt_films_cast", "pk": 84, "fields": {"film": 1034541, "person": 4993495, "cast_id": 75, "character": "Angry Parent #2", "credit_id": "6708cc95ee9614858724adbb", "order": 42}}, {"model": "filmproject.lt_films_cast", "pk": 85, "fields": {"film": 1034541, "person": 3151705, "cast_id": 76, "character": "Angry Parent #3", "credit_id": "6708cca3d357a2103996b0af", "order": 43}}, {"model": "filmproject.lt_films_cast", "pk": 86, "fields": {"film": 1034541, "person": 1697209, "cast_id": 77, "character": "Angry Parent #4", "credit_id": "6708ccb66adf662021300e1f", "order": 44}}, {"model": "filmproject.lt_films_cast", "pk": 87, "fields": {"film": 1034541, "person": 4993496, "cast_id": 78, "character": "Little Boy #2", "credit_id": "6708ccc58d487f6541286310", "order": 45}}, {"model": "filmproject.lt_films_cast", "pk": 88, "fields": {"film": 1034541, "person": 2406910, "cast_id": 79, "character": "Graven Image Co-Host", "credit_id": "6708ccd1265a5f8bc5708cd5", "order": 46}}, {"model": "filmproject.lt_films_cast", "pk": 89, "fields": {"film": 1034541, "person": 4993499, "cast_id": 81, "character": "Rowdy Beta #2", "credit_id": "6708ccef6adf662021300e35", "order": 47}}, {"model": "filmproject.lt_films_cast", "pk": 90, "fields": {"film": 1034541, "person": 4887266, "cast_id": 80, "character": "Rowdy Beta #1", "credit_id": "6708cce16adf662021300e25", "order": 48}}, {"model": "filmproject.lt_films_cast", "pk": 91, "fields": {"film": 1034541, "person": 4887267, "cast_id": 82, "character": "Rowdy Beta #3", "credit_id": "6708ccfc6adf662021300e40", "order": 49}}, {"model": "filmproject.lt_films_cast", "pk": 92, "fields": {"film": 1034541, "person": 2964415, "cast_id": 83, "character": "News Anchor", "credit_id": "6708cd06d357a2103996b0d3", "order": 50}}, {"model": "filmproject.lt_films_crew", "pk": 1, "fields": {"film": 1118031, "person": 1017209, "credit_id": "64483133ce997a0465873f8f", "department": "Directing", "job": "Director"}}, {"model": "filmproject.lt_films_crew", "pk": 2, "fields": {"film": 1034541, "person": 933176, "credit_id": "6346542907e2810082f1868c", "department": "Directing", "job": "Director"}}]